Name,Price,Category,Question,Answer,Company,PriceQ,PriceA,CompanyQ,CompanyA,VariantQ,VariantA
Oreo,20,Biscuit,What is Oreo?,Oreo is sandwich cookie consisting of two chocolate wafers with a sweet creme filling biscuit.,LU,What is the price of Oreo?,The price of Oreo is 20rs,Who is the manufacturer of Oreo?,The manufacturer of Oreo is LU,How many variants are there of Oreo?,
Cocomo,10,Biscuit,What is Cocomo?,Cocomo is a crunchy biscuit with a creamy chocolate filling with different chocolate flavors ,CandyLand,What is the price of Cocomo?,The price of Cocomo is 10rs,Who is the manufacturer of Cocomo?,The manufacturer of Cocomo is CandyLand,How many variants are there of Cocomo?,
Special,20,Biscuit,What is Special?,"Mayfair Special is a type of crunchy, sweet, and golden biscuit",Hilal,What is the price of Special?,The price of Special is 20rs,Who is the manufacturer of Special?,The manufacturer of Special is Hilal,How many variants are there of Special?,
Sooper,20,Biscuit,What is Sooper?,Sooper is egg and milk flavor biscuit,Hilal,What is the price of Sooper?,The price of Sooper is 20rs,Who is the manufacturer of Sooper?,The manufacturer of Sooper is Hilal,How many variants are there of Sooper?,
Milcolu,20,Biscuit,What is Milcolu?,"Milcolu is a double milk sandwich biscuit, it has a creamy, rich milk-flavored filling between two crunchy biscuits",Hilal,What is the price of Milcolu?,The price of Milcolu is 20rs,Who is the manufacturer of Milcolu?,The manufacturer of Milcolu is Hilal,How many variants are there of Milcolu?,
Milkabisk,20,Biscuit,What is Milkabisk?,Milkabisk is a milk and wheat biscuit,LU,What is the price of Milkabisk?,The price of Milkabisk is 20rs,Who is the manufacturer of Milkabisk?,The manufacturer of Milkabisk is LU,How many variants are there of Milkabisk?,
Butter Puff,20,Biscuit,What is Butter Puff?,"Butter Puff biscuit is a flaky, airy biscuit or cracker with a rich, buttery flavor and a crispy texture",LU ,What is the price of Butter Puff?,The price of Butter Puff is 20rs,Who is the manufacturer of Butter Puff?,The manufacturer of Butter Puff is LU ,How many variants are there of Butter Puff?,
Marie,20,Biscuit,What is Marie?,"Marie biscuit is a thin, dry, round, and slightly sweet biscuit",Hilal,What is the price of Marie?,The price of Marie is 20rs,Who is the manufacturer of Marie?,The manufacturer of Marie is Hilal,How many variants are there of Marie?,
Peanut Pik,20,Biscuit,What is Peanut Pik?,"Peanut Pik biscuit is a crunchy, nutty snack biscuit ",Hilal,What is the price of Peanut Pik?,The price of Peanut Pik is 20rs,Who is the manufacturer of Peanut Pik?,The manufacturer of Peanut Pik is Hilal,How many variants are there of Peanut Pik?,
Gala,20,Biscuit,What is Gala?,"Gala is a light, crispy, and slightly sweet biscuit",LU ,What is the price of Gala?,The price of Gala is 20rs,Who is the manufacturer of Gala?,The manufacturer of Gala is LU ,How many variants are there of Gala?,
Candy,20,Biscuit,What is Candy?,Candy is a hard dark biscuit filled with sugar,CandyLand,What is the price of Candy?,The price of Candy is 20rs,Who is the manufacturer of Candy?,The manufacturer of Candy is CandyLand,How many variants are there of Candy?,
Peanut Pista,20,Biscuit,What is Peanut Pista?,peanut pista biscuit is a type of crunchy biscuit made with a mix of peanuts and pistachios,Hilal,What is the price of Peanut Pista?,The price of Peanut Pista is 20rs,Who is the manufacturer of Peanut Pista?,The manufacturer of Peanut Pista is Hilal,How many variants are there of Peanut Pista?,
Rio,20,Biscuit,What is Rio?,Rio is a vanilla cream biscuit,Peek Freans,What is the price of Rio?,The price of Rio is 20rs,Who is the manufacturer of Rio?,The manufacturer of Rio is Peek Freans,How many variants are there of Rio?,
Prince,20,Biscuit,What is Prince?,Prince is chocolate cream biscuit,LU,What is the price of Prince?,The price of Prince is 20rs,Who is the manufacturer of Prince?,The manufacturer of Prince is LU,How many variants are there of Prince?,
Day Dream,20,Biscuit,What is Day Dream?,Day Dream is a dark chocolate biscuit,Bisconni,What is the price of Day Dream?,The price of Day Dream is 20rs,Who is the manufacturer of Day Dream?,The manufacturer of Day Dream is Bisconni,How many variants are there of Day Dream?,
Tuc,20,Biscuit,What is Tuc?,"Tuc is a salty, crispy cracker biscuit",LU,What is the price of Tuc?,The price of Tuc is 20rs,Who is the manufacturer of Tuc?,The manufacturer of Tuc is LU,How many variants are there of Tuc?,
Tiger,20,Biscuit,What is Tiger?,Tiger is a energy-boosting biscuit,LU,What is the price of Tiger?,The price of Tiger is 20rs,Who is the manufacturer of Tiger?,The manufacturer of Tiger is LU,How many variants are there of Tiger?,
Zeera Plus,20,Biscuit,What is Zeera Plus?,Zeera Plus is a baked biscuit with Zeera,LU,What is the price of Zeera Plus?,The price of Zeera Plus is 20rs,Who is the manufacturer of Zeera Plus?,The manufacturer of Zeera Plus is LU,How many variants are there of Zeera Plus?,
Chocolate Chip,20,Biscuit,What is Chocolate Chip?,Chocolate Chip is a baked cookies biscuit sprinkled with chips,EBM,What is the price of Chocolate Chip?,The price of Chocolate Chip is 20rs,Who is the manufacturer of Chocolate Chip?,The manufacturer of Chocolate Chip is EBM,How many variants are there of Chocolate Chip?,
Hilal Cup cake,15,Cake,What is Hilal Cup cake?,"Hilal Cupkakes are soft, moist sponge cakes that come with a creamy or gooey filling at the center",Peek Freans,What is the price of Hilal Cup cake?,The price of Hilal Cup cake is 15rs,Who is the manufacturer of Hilal Cup cake?,The manufacturer of Hilal Cup cake is Peek Freans,How many variants are there of Hilal Cup cake?,
Sooper Cake,15,Cake,What is Sooper Cake?,Sooper cake is a light fluffy plain cake,Sooper,What is the price of Sooper Cake?,The price of Sooper Cake is 15rs,Who is the manufacturer of Sooper Cake?,The manufacturer of Sooper Cake is Sooper,How many variants are there of Sooper Cake?,
Hoest,5,Candy,What is Hoest?,"Hoest candy refers to a range of candies produced by the Hoest confectionery company, which includes throat lozenges to soothe coughs and sore throats, and other confectionery products like mints, butter toffees, and chocolate-filled candies",Hilal Foods,What is the price of Hoest?,The price of Hoest is 5rs,Who is the manufacturer of Hoest?,The manufacturer of Hoest is Hilal Foods,How many variants are there of Hoest?,There are no variants (sizes) of Hoest?
Chaska,5,Candy,What is Chaska?,"Chaska candy is a popular, tangy, and fruity flavored candy, often a green mango or amrood flavor",EBM,What is the price of Chaska?,The price of Chaska is 5rs,Who is the manufacturer of Chaska?,The manufacturer of Chaska is EBM,How many variants are there of Chaska?,There are no variants (sizes) of Chaska?
Hajmola Imli,5,Candy,What is Hajmola Imli?,Hajmola Imli candy is a popular Indian candy made with tamarind that is known for its tangy and sweet flavor and is also marketed for its digestive benefits,Dabur,What is the price of Hajmola Imli?,The price of Hajmola Imli is 5rs,Who is the manufacturer of Hajmola Imli?,The manufacturer of Hajmola Imli is Dabur,How many variants are there of Hajmola Imli?,There are no variants (sizes) of Hajmola Imli?
Chooran Chatni,5,Candy,What is Chooran Chatni?,"Choran Chatni candy is a sweet and tangy Pakistani hard candy, often coated in a smooth shell, that features a mix of traditional chutney flavors like tamarind and red chili, and is infused with spices",Local,What is the price of Chooran Chatni?,The price of Chooran Chatni is 5rs,Who is the manufacturer of Chooran Chatni?,The manufacturer of Chooran Chatni is Local,How many variants are there of Chooran Chatni?,There are no variants (sizes) of Chooran Chatni?
Aamrus,5,Candy,What is Aamrus?,"Aamrus candy is a tropical, mango-flavored hard candy, often with a soft or juicy mango-flavored center",Shezan,What is the price of Aamrus?,The price of Aamrus is 5rs,Who is the manufacturer of Aamrus?,The manufacturer of Aamrus is Shezan,How many variants are there of Aamrus?,There are no variants (sizes) of Aamrus?
Frooto Apple,5,Candy,What is Frooto Apple?,"rooto Apple is a type of small, chewy candy with a soft crunch",Shezan,What is the price of Frooto Apple?,The price of Frooto Apple is 5rs,Who is the manufacturer of Frooto Apple?,The manufacturer of Frooto Apple is Shezan,How many variants are there of Frooto Apple?,There are no variants (sizes) of Frooto Apple?
Panpasand,5,Candy,What is Panpasand?,"Pan Pasand is a traditional Pakistani candy that combines the flavors of traditional ""pan"" ingredients like aniseed, desiccated coconut, and mint",Hilal Foods,What is the price of Panpasand?,The price of Panpasand is 5rs,Who is the manufacturer of Panpasand?,The manufacturer of Panpasand is Hilal Foods,How many variants are there of Panpasand?,There are no variants (sizes) of Panpasand?
Eclairs,5,Candy,What is Eclairs?,Eclairs candy is a chewy toffee sweet with a chocolate center,Hilal Foods,What is the price of Eclairs?,The price of Eclairs is 5rs,Who is the manufacturer of Eclairs?,The manufacturer of Eclairs is Hilal Foods,How many variants are there of Eclairs?,There are no variants (sizes) of Eclairs?
Frooto Amrood,5,Candy,What is Frooto Amrood?,Frooto Amrood candy is a type of hard or soft-crunch candy from Pakistan that is flavored like guava,Shezan,What is the price of Frooto Amrood?,The price of Frooto Amrood is 5rs,Who is the manufacturer of Frooto Amrood?,The manufacturer of Frooto Amrood is Shezan,How many variants are there of Frooto Amrood?,There are no variants (sizes) of Frooto Amrood?
Frooto Orange,5,Candy,What is Frooto Orange?,"Frooto Orange is a type of fruity, orange-flavored candy",Shezan,What is the price of Frooto Orange?,The price of Frooto Orange is 5rs,Who is the manufacturer of Frooto Orange?,The manufacturer of Frooto Orange is Shezan,How many variants are there of Frooto Orange?,There are no variants (sizes) of Frooto Orange?
Softmint ice,5,Candy,What is Softmint ice?,"Softmint ice candy is a type of hard-shell, chewy mint candy with a cool and refreshing taste",Hilal Foods,What is the price of Softmint ice?,The price of Softmint ice is 5rs,Who is the manufacturer of Softmint ice?,The manufacturer of Softmint ice is Hilal Foods,How many variants are there of Softmint ice?,There are no variants (sizes) of Softmint ice?
Frooto,5,Candy,What is Frooto?,"Frooto candy is a brand of fruit-flavored, center-filled chewy candies",Shezan,What is the price of Frooto?,The price of Frooto is 5rs,Who is the manufacturer of Frooto?,The manufacturer of Frooto is Shezan,How many variants are there of Frooto?,There are no variants (sizes) of Frooto?
Fruit Gala,5,Candy,What is Fruit Gala?,"Fruit Gala is a Chewy, soft, and stretchy fruit-flavored candy",Shezan,What is the price of Fruit Gala?,The price of Fruit Gala is 5rs,Who is the manufacturer of Fruit Gala?,The manufacturer of Fruit Gala is Shezan,How many variants are there of Fruit Gala?,There are no variants (sizes) of Fruit Gala?
Fanta,5,Candy,What is Fanta?,"anta candy is a line of fruit-flavored candies, most commonly orange-flavored, inspired by the taste of Fanta soda",Coca-Cola,What is the price of Fanta?,The price of Fanta is 5rs,Who is the manufacturer of Fanta?,The manufacturer of Fanta is Coca-Cola,How many variants are there of Fanta?,There are no variants (sizes) of Fanta?
Khopra,5,Candy,What is Khopra?,Khopra candy is a sweet and chewy confectionery made with a coconut filling and a milky or caramel outer shell,Local,What is the price of Khopra?,The price of Khopra is 5rs,Who is the manufacturer of Khopra?,The manufacturer of Khopra is Local,How many variants are there of Khopra?,There are no variants (sizes) of Khopra?
Mentos,100,Chew,What is Mentos?,"Mentos are a brand of chewy candies known for their hard exterior and soft, chewy interior",Perfetti Van Melle,What is the price of Mentos?,The price of Mentos is 100rs,Who is the manufacturer of Mentos?,The manufacturer of Mentos is Perfetti Van Melle,How many variants are there of Mentos?,
Bubble Pop,5,Chew Gum,What is Bubble Pop?,"Bubble Pop Chew Gum is a specific brand of bubble gum, like CandyLand or Trident, known for its chewy, stretchy texture designed for blowing large bubbles",CandyLand,What is the price of Bubble Pop?,The price of Bubble Pop is 5rs,Who is the manufacturer of Bubble Pop?,The manufacturer of Bubble Pop is CandyLand,How many variants are there of Bubble Pop?,
Joe Soft,5,Chew Gum,What is Joe Soft?,Joe Soft Bubble is a chewy bubble gum with a soft outer layer and a sour filling,CandyLand,What is the price of Joe Soft?,The price of Joe Soft is 5rs,Who is the manufacturer of Joe Soft?,The manufacturer of Joe Soft is CandyLand,How many variants are there of Joe Soft?,
Ding Dong,5,Chew Gum,What is Ding Dong?,"Ding Dong is a brand of bubble gum from Pakistan, made by Hilal Foods, known for its soft, chewy texture, long-lasting flavor, and ability to blow large bubbles",Hilal Foods,What is the price of Ding Dong?,The price of Ding Dong is 5rs,Who is the manufacturer of Ding Dong?,The manufacturer of Ding Dong is Hilal Foods,How many variants are there of Ding Dong?,
Boom Boom,5,Chew Gum,What is Boom Boom?,"It is a fruity, soft, and chewy bubble gum that comes in various pack sizes, and is popular in Pakistan",Hilal Foods,What is the price of Boom Boom?,The price of Boom Boom is 5rs,Who is the manufacturer of Boom Boom?,The manufacturer of Boom Boom is Hilal Foods,How many variants are there of Boom Boom?,
Fresh up,5,Chew Gum,What is Fresh up?,"Fresh Up Bubble is a type of bubble gum made by Hilal Foods, available in various flavors like spearmint and strawberry",CandyLand,What is the price of Fresh up?,The price of Fresh up is 5rs,Who is the manufacturer of Fresh up?,The manufacturer of Fresh up is CandyLand,How many variants are there of Fresh up?,
Lays,30,Chips,What is Lays?,Lay's is a brand of potato chips,PepsiCo,What is the price of Lays?,The price of Lays is 30rs,Who is the manufacturer of Lays?,The manufacturer of Lays is PepsiCo,How many variants are there of Lays?,
Wavy,30,Chips,What is Wavy?,"Wavy Lays are a line of potato chips by Lay's that have a thick, crispy texture with deep ridges, making them ideal for dipping",PepsiCo,What is the price of Wavy?,The price of Wavy is 30rs,Who is the manufacturer of Wavy?,The manufacturer of Wavy is PepsiCo,How many variants are there of Wavy?,
Slanty,30,Chips,What is Slanty?,"Slanty chips are a popular, light, and crunchy snack made from potato starch, potato flakes, and vegetable oil",Kolson,What is the price of Slanty?,The price of Slanty is 30rs,Who is the manufacturer of Slanty?,The manufacturer of Slanty is Kolson,How many variants are there of Slanty?,
Kurkure,30,Chips,What is Kurkure?,"Kurkure is crunchy, puffed snacks made from rice, corn, and lentils",PepsiCo,What is the price of Kurkure?,The price of Kurkure is 30rs,Who is the manufacturer of Kurkure?,The manufacturer of Kurkure is PepsiCo,How many variants are there of Kurkure?,
Kurleez,30,Chips,What is Kurleez?,"Kurleez are a brand of crispy, crunchy potato chips",Ismail Industries,What is the price of Kurleez?,The price of Kurleez is 30rs,Who is the manufacturer of Kurleez?,The manufacturer of Kurleez is Ismail Industries,How many variants are there of Kurleez?,
Cheetos,30,Chips,What is Cheetos?,"Cheetos are a puffed cornmeal snack, similar to a crunchy or puffy corn curl",PepsiCo,What is the price of Cheetos?,The price of Cheetos is 30rs,Who is the manufacturer of Cheetos?,The manufacturer of Cheetos is PepsiCo,How many variants are there of Cheetos?,
Now,20,Chocolate,What is Now?,Now is a crispy and crunchy wafer bar with a chocolate filling,LU,What is the price of Now?,The price of Now is 20rs,Who is the manufacturer of Now?,The manufacturer of Now is LU,How many variants are there of Now?,
Paradise,20,Chocolate,What is Paradise?,Paradise is a coconut-filled chocolate bar,EBM,What is the price of Paradise?,The price of Paradise is 20rs,Who is the manufacturer of Paradise?,The manufacturer of Paradise is EBM,How many variants are there of Paradise?,
Jubilee,20,Chocolate,What is Jubilee?,"Jubilee is a creamy, rich milk chocolate",Hilal Foods,What is the price of Jubilee?,The price of Jubilee is 20rs,Who is the manufacturer of Jubilee?,The manufacturer of Jubilee is Hilal Foods,How many variants are there of Jubilee?,
Sonnet,20,Chocolate,What is Sonnet?,Sonnet is a smooth milk chocolate with a crunchy peanut and creamy fudge or caramel interior,EBM,What is the price of Sonnet?,The price of Sonnet is 20rs,Who is the manufacturer of Sonnet?,The manufacturer of Sonnet is EBM,How many variants are there of Sonnet?,
Snickers,200,Chocolate,What is Snickers?,"Snickers bars are a combination of smooth nougat, chewy caramel, roasted peanuts, and milk chocolate",Mars,What is the price of Snickers?,The price of Snickers is 200rs,Who is the manufacturer of Snickers?,The manufacturer of Snickers is Mars,How many variants are there of Snickers?,
Dairy Milk,50,Chocolate,What is Dairy Milk?,"Dairy milk is a milk chocolate produced by Cadbury, known for its smooth, creamy texture",Mondelez,What is the price of Dairy Milk?,The price of Dairy Milk is 50rs,Who is the manufacturer of Dairy Milk?,The manufacturer of Dairy Milk is Mondelez,How many variants are there of Dairy Milk?,
Capstan,15,Cigarette,What is Capstan?,"A Capstan cigarette is a British brand of cigarettes, currently owned by Imperial Brands",PTC,What is the price of Capstan?,The price of Capstan is 15rs,Who is the manufacturer of Capstan?,The manufacturer of Capstan is PTC,How many variants are there of Capstan?,There are no variants (sizes) of Capstan?
Gold Leaf,15,Cigarette,What is Gold Leaf?,"A Gold Leaf cigarette is a specific brand of cigarette, most notably John Player Gold Leaf, popular in countries like Pakistan, Bangladesh, and others in South Asia and the Persian Gulf",PTC,What is the price of Gold Leaf?,The price of Gold Leaf is 15rs,Who is the manufacturer of Gold Leaf?,The manufacturer of Gold Leaf is PTC,How many variants are there of Gold Leaf?,There are no variants (sizes) of Gold Leaf?
Gold Flake,15,Cigarette,What is Gold Flake?,"Gold Flake is a brand of cigarettes produced by ITC, a company in India",PTC,What is the price of Gold Flake?,The price of Gold Flake is 15rs,Who is the manufacturer of Gold Flake?,The manufacturer of Gold Flake is PTC,How many variants are there of Gold Flake?,There are no variants (sizes) of Gold Flake?
Dunhill,15,Cigarette,What is Dunhill?,Dunhill is a British cigarette brand owned and manufactured by Alfred Dunhill Limited and British American Tobacco,BAT,What is the price of Dunhill?,The price of Dunhill is 15rs,Who is the manufacturer of Dunhill?,The manufacturer of Dunhill is BAT,How many variants are there of Dunhill?,There are no variants (sizes) of Dunhill?
Morven Gold,15,Cigarette,What is Morven Gold?,Morven Gold is a brand of cigarette,PTC,What is the price of Morven Gold?,The price of Morven Gold is 15rs,Who is the manufacturer of Morven Gold?,The manufacturer of Morven Gold is PTC,How many variants are there of Morven Gold?,There are no variants (sizes) of Morven Gold?
John Player,15,Cigarette,What is John Player?,"John Player is a brand of cigarettes, originally founded in Nottingham, England, with a long history in the tobacco industry",BAT,What is the price of John Player?,The price of John Player is 15rs,Who is the manufacturer of John Player?,The manufacturer of John Player is BAT,How many variants are there of John Player?,There are no variants (sizes) of John Player?
Marlobolo Crafted,15,Cigarette,What is Marlobolo Crafted?,"Marlboro Crafted is a specific type of Marlboro cigarette, often a more affordable, regionally-produced version",Marlboro,What is the price of Marlobolo Crafted?,The price of Marlobolo Crafted is 15rs,Who is the manufacturer of Marlobolo Crafted?,The manufacturer of Marlobolo Crafted is Marlboro,How many variants are there of Marlobolo Crafted?,There are no variants (sizes) of Marlobolo Crafted?
Pine,15,Cigarette,What is Pine?,"Pine Lights American Taste delivers a light, smooth smoking experience",Local,What is the price of Pine?,The price of Pine is 15rs,Who is the manufacturer of Pine?,The manufacturer of Pine is Local,How many variants are there of Pine?,There are no variants (sizes) of Pine?
Dot,150,Condom,What is Dot?,Dot is a condom,Local,What is the price of Dot?,The price of Dot is 150rs,Who is the manufacturer of Dot?,The manufacturer of Dot is Local,How many variants are there of Dot?,There are no variants (sizes) of Dot?
Josh,150,Condom,What is Josh?,"Josh is a brand of condoms, manufactured in Pakistan and distributed internationally by DKT International",Durex,What is the price of Josh?,The price of Josh is 150rs,Who is the manufacturer of Josh?,The manufacturer of Josh is Durex,How many variants are there of Josh?,There are no variants (sizes) of Josh?
Durex,150,Condom,What is Durex?,Durex is a Condomondom,Reckitt,What is the price of Durex?,The price of Durex is 150rs,Who is the manufacturer of Durex?,The manufacturer of Durex is Reckitt,How many variants are there of Durex?,There are no variants (sizes) of Durex?
Sathi,150,Condom,What is Sathi?,Sathi is a condom,Local,What is the price of Sathi?,The price of Sathi is 150rs,Who is the manufacturer of Sathi?,The manufacturer of Sathi is Local,How many variants are there of Sathi?,There are no variants (sizes) of Sathi?
Blueband,80,Cream,What is Blueband?,"Blue Band is a brand of plant-based margarine and spreads made from vegetable oils, known for its use in breakfasts and cooking",Upfield,What is the price of Blueband?,The price of Blueband is 80rs,Who is the manufacturer of Blueband?,The manufacturer of Blueband is Upfield,How many variants are there of Blueband?,There are no variants (sizes) of Blueband?
Olpers Cream,220,Cream,What is Olpers Cream?,"Olpers Cream is a thick, creamy, and versatile UHT (ultra-high temperature processed) dairy cream made from 100% milk",Engro Foods,What is the price of Olpers Cream?,The price of Olpers Cream is 220rs,Who is the manufacturer of Olpers Cream?,The manufacturer of Olpers Cream is Engro Foods,How many variants are there of Olpers Cream?,There are no variants (sizes) of Olpers Cream?
Milkpak Cream,220,Cream,What is Milkpak Cream?,"Milkpak cream is a versatile dairy cream brand from Nestlé in Pakistan, used in both sweet and savory dishes to add richness and a creamy texture",Nestle,What is the price of Milkpak Cream?,The price of Milkpak Cream is 220rs,Who is the manufacturer of Milkpak Cream?,The manufacturer of Milkpak Cream is Nestle,How many variants are there of Milkpak Cream?,There are no variants (sizes) of Milkpak Cream?
Nurpur Cream,220,Cream,What is Nurpur Cream?,Nurpur cream is a rich and thick dairy cream produced by Fauji Foods Limited in Pakistan,Fauji Foods,What is the price of Nurpur Cream?,The price of Nurpur Cream is 220rs,Who is the manufacturer of Nurpur Cream?,The manufacturer of Nurpur Cream is Fauji Foods,How many variants are there of Nurpur Cream?,There are no variants (sizes) of Nurpur Cream?
Jelly Banana,60,Custard Jelly,What is Jelly Banana?,"Jelly banana by National is a sweet, banana-flavored jelly",CandyLand,What is the price of Jelly Banana?,The price of Jelly Banana is 60rs,Who is the manufacturer of Jelly Banana?,The manufacturer of Jelly Banana is CandyLand,How many variants are there of Jelly Banana?,
Jelly Mixed Fruit,60,Custard Jelly,What is Jelly Mixed Fruit?,National Mixed Fruit Jelly is a quick dessert mix from the brand National Foods that features a blend of sweet and tangy mixed fruit flavors,CandyLand,What is the price of Jelly Mixed Fruit?,The price of Jelly Mixed Fruit is 60rs,Who is the manufacturer of Jelly Mixed Fruit?,The manufacturer of Jelly Mixed Fruit is CandyLand,How many variants are there of Jelly Mixed Fruit?,
Sunlight,40,Detergent,What is Sunlight?,Sunlight dishwashing liquid is formulated to cut through tough grease and burnt-on food,Unilever,What is the price of Sunlight?,The price of Sunlight is 40rs,Who is the manufacturer of Sunlight?,The manufacturer of Sunlight is Unilever,How many variants are there of Sunlight?,
Bonus,40,Detergent,What is Bonus?,"Bonus is a brand of detergent powder, primarily sold in Pakistan, that aims to provide an effective and fragrant clean",Colgate-Palmolive,What is the price of Bonus?,The price of Bonus is 40rs,Who is the manufacturer of Bonus?,The manufacturer of Bonus is Colgate-Palmolive,How many variants are there of Bonus?,
Ariel,40,Detergent,What is Ariel?,"Ariel detergent is a brand of laundry detergent owned by Procter & Gamble that is designed to remove tough stains and clean clothes effectively, both in automatic washing machines and by hand",P&G,What is the price of Ariel?,The price of Ariel is 40rs,Who is the manufacturer of Ariel?,The manufacturer of Ariel is P&G,How many variants are there of Ariel?,
Surf Excel,40,Detergent,What is Surf Excel?,Surf Excel is a laundry detergent used to clean clothes,Unilever,What is the price of Surf Excel?,The price of Surf Excel is 40rs,Who is the manufacturer of Surf Excel?,The manufacturer of Surf Excel is Unilever,How many variants are there of Surf Excel?,
Brite,40,Detergent,What is Brite?,"Brite is a detergent designed to remove tough stains, brighten whites, and keep colors vibrant",Colgate-Palmolive,What is the price of Brite?,The price of Brite is 40rs,Who is the manufacturer of Brite?,The manufacturer of Brite is Colgate-Palmolive,How many variants are there of Brite?,
Pampers,50,Diaper,What is Pampers?,"Pampers is a brand of baby care products, most notably disposable diapers and wipes",P&G,What is the price of Pampers?,The price of Pampers is 50rs,Who is the manufacturer of Pampers?,The manufacturer of Pampers is P&G,How many variants are there of Pampers?,
Bona Papa,50,Diaper,What is Bona Papa?,"Bona Papa is a leading Pakistani brand of baby hygiene products, including diapers, pants, and wipes",Local,What is the price of Bona Papa?,The price of Bona Papa is 50rs,Who is the manufacturer of Bona Papa?,The manufacturer of Bona Papa is Local,How many variants are there of Bona Papa?,
Canbebe,50,Diaper,What is Canbebe?,Canbebe is a brand of baby diapers and hygiene products ,Ontex,What is the price of Canbebe?,The price of Canbebe is 50rs,Who is the manufacturer of Canbebe?,The manufacturer of Canbebe is Ontex,How many variants are there of Canbebe?,
Royal Ozone,50,Diaper,What is Royal Ozone?,"Royal Ozone is a brand name for a line of baby products, primarily diapers and baby wipes",Local,What is the price of Royal Ozone?,The price of Royal Ozone is 50rs,Who is the manufacturer of Royal Ozone?,The manufacturer of Royal Ozone is Local,How many variants are there of Royal Ozone?,
Gastril,5,Digestion Pill,What is Gastril?,"Gastril is a medication used to treat acidity, heartburn, and stomach ulcers",PharmEvo,What is the price of Gastril?,The price of Gastril is 5rs,Who is the manufacturer of Gastril?,The manufacturer of Gastril is PharmEvo,How many variants are there of Gastril?,There are no variants (sizes) of Gastril?
Vermicelli,100,Food Packet,What is Vermicelli?,"Vermicelli is a type of pasta made from fine, long, solid strands, thinner than spaghetti",Kolson,What is the price of Vermicelli?,The price of Vermicelli is 100rs,Who is the manufacturer of Vermicelli?,The manufacturer of Vermicelli is Kolson,How many variants are there of Vermicelli?,
Quorma,160,Food Packet,What is Quorma?,"Korma is a rich, flavorful curry dish originating from the Indian subcontinent, characterized by meat or vegetables braised in a thick, creamy sauce made from yogurt or cream, nuts (like almonds or cashews), and spices",Shan Foods,What is the price of Quorma?,The price of Quorma is 160rs,Who is the manufacturer of Quorma?,The manufacturer of Quorma is Shan Foods,How many variants are there of Quorma?,
Biryani,160,Food Packet,What is Biryani?,"Biryani is a popular South Asian mixed rice dish made by layering marinated meat (or vegetables) with rice and spices, then cooking them together in a sealed pot to allow the flavors to meld",Shan Foods,What is the price of Biryani?,The price of Biryani is 160rs,Who is the manufacturer of Biryani?,The manufacturer of Biryani is Shan Foods,How many variants are there of Biryani?,
Coriander,100,Food Packet,What is Coriander?,"Coriander can refer to either the herb (leaves and stems, also called cilantro in the United States) or the spice (dried seeds) of the Coriandrum sativum plant",Shan Foods,What is the price of Coriander?,The price of Coriander is 100rs,Who is the manufacturer of Coriander?,The manufacturer of Coriander is Shan Foods,How many variants are there of Coriander?,
Kasuri Methi,100,Food Packet,What is Kasuri Methi?,"Kasuri methi is the dried leaves of the fenugreek plant, commonly used as an herb in Indian, Middle Eastern, and North African cuisines.",Shan,What is the price of Kasuri Methi?,The price of Kasuri Methi is 100rs,Who is the manufacturer of Kasuri Methi?,The manufacturer of Kasuri Methi is Shan,How many variants are there of Kasuri Methi?,
Garam Masala,100,Food Packet,What is Garam Masala?,"Garam masala is a pungent and aromatic blend of ground spices used in Indian, Pakistani, and other South Asian cuisines",Shan,What is the price of Garam Masala?,The price of Garam Masala is 100rs,Who is the manufacturer of Garam Masala?,The manufacturer of Garam Masala is Shan,How many variants are there of Garam Masala?,
Bombay Biryani,160,Food Packet,What is Bombay Biryani?,"Bombay Biryani is a popular Indian dish from Mumbai (formerly Bombay) that features layers of basmati rice, meat (like chicken or mutton), potatoes, and a distinctive blend of sweet, spicy, and tangy flavors, often including ingredients like dried plums and fried onions.",Shan Foods,What is the price of Bombay Biryani?,The price of Bombay Biryani is 160rs,Who is the manufacturer of Bombay Biryani?,The manufacturer of Bombay Biryani is Shan Foods,How many variants are there of Bombay Biryani?,
Pebbles,10,Jelly,What is Pebbles?,"Pebbles candy is a type of novelty candy that is designed to look like small, colorful pebbles or river stones",CandyLand,What is the price of Pebbles?,The price of Pebbles is 10rs,Who is the manufacturer of Pebbles?,The manufacturer of Pebbles is CandyLand,How many variants are there of Pebbles?,
Wobbly,10,Jelly,What is Wobbly?,"Wobbly is a fruit-flavored jelly candies (gelatin desserts) known for their soft, shaking texture",Mayfair,What is the price of Wobbly?,The price of Wobbly is 10rs,Who is the manufacturer of Wobbly?,The manufacturer of Wobbly is CandyLand,How many variants are there of Wobbly?,
Peach Jelly,10,Jelly,What is Peach Jelly?,"Peach jelly is a smooth, translucent fruit preserve made from peach juice, sugar, and pectin .",CandyLand,What is the price of Peach Jelly?,The price of Peach Jelly is 10rs,Who is the manufacturer of Peach Jelly?,The manufacturer of Peach Jelly is CandyLand,How many variants are there of Peach Jelly?,
Gummy Bear,10,Jelly,What is Gummy Bear?,"Gummy bear jelly  is a product that combines the chewy texture of gummy bears with a soft, jelly-like consistency, often made from a mix of ingredients like gelatin and corn syrup to achieve the desired softness",CandyLand,What is the price of Gummy Bear?,The price of Gummy Bear is 10rs,Who is the manufacturer of Gummy Bear?,The manufacturer of Gummy Bear is CandyLand,How many variants are there of Gummy Bear?,
Jelly Fish,10,Jelly,What is Jelly Fish?,"ellyfish Jelly is simply jelly produced by Jellyfish. SpongeBob will occasionally collect some, but only a full jar.",CandyLand,What is the price of Jelly Fish?,The price of Jelly Fish is 10rs,Who is the manufacturer of Jelly Fish?,The manufacturer of Jelly Fish is CandyLand,How many variants are there of Jelly Fish?,
Jello Bello,10,Jelly,What is Jello Bello?,"Jello Bello is a brand of soft, fruity, and chewy jelly candies, also known as the brand BP Sweets Jello Bello",CandyLand,What is the price of Jello Bello?,The price of Jello Bello is 10rs,Who is the manufacturer of Jello Bello?,The manufacturer of Jello Bello is CandyLand,How many variants are there of Jello Bello?,
Berries,10,Jelly,What is Berries?,"Berries jelly is a preserve made from the strained juice of various berries, combined with sugar and a gelling agent like pectin or gelatin. ",CandyLand,What is the price of Berries?,The price of Berries is 10rs,Who is the manufacturer of Berries?,The manufacturer of Berries is CandyLand,How many variants are there of Berries?,
Jelly Strawberry,10,Jelly,What is Jelly Strawberry?,"a fruit spread made from strawberry juice, sugar, and pectin, or a gelatin dessert that is popular in the UK. ",CandyLand,What is the price of Jelly Strawberry?,The price of Jelly Strawberry is 10rs,Who is the manufacturer of Jelly Strawberry?,The manufacturer of Jelly Strawberry is CandyLand,How many variants are there of Jelly Strawberry?,
Amrood Jelly,10,Jelly,What is Amrood Jelly?,"Amrood jelly is a sweet, chewy candy made from guava fruit (amrood) flavor, sugar, and other ingredients",CandyLand,What is the price of Amrood Jelly?,The price of Amrood Jelly is 10rs,Who is the manufacturer of Amrood Jelly?,The manufacturer of Amrood Jelly is CandyLand,How many variants are there of Amrood Jelly?,
Fizzi O,10,Jelly,What is Fizzi O?,"Fizzy-O Jelly is a candy made by the brand Candyland that consists of soft, chewy jelly pieces with a fizzy, tangy taste",Ismail,What is the price of Fizzi O?,The price of Fizzi O is 10rs,Who is the manufacturer of Fizzi O?,The manufacturer of Fizzi O is Ismail,How many variants are there of Fizzi O?,
Anda,10,Jelly,What is Anda?,"a sweet, soft, egg-shaped jelly candy, or a biological ""egg jelly"" that coats and protects the eggs of some animals.",Commodity,What is the price of Anda?,The price of Anda is 10rs,Who is the manufacturer of Anda?,The manufacturer of Anda is Commodity,How many variants are there of Anda?,
ABC,10,Jelly,What is ABC?,"ABC jelly is a fruit-flavored, soft, chewy candies shaped like alphabet letters",Local,What is the price of ABC?,The price of ABC is 10rs,Who is the manufacturer of ABC?,The manufacturer of ABC is Local,How many variants are there of ABC?,
Chilli Milli,10,Jelly,What is Chilli Milli?,"CANDYLAND Chili Mili 30 gm x 24 PACK • Halal Meat & Grocery ...Chilli Milli is a popular Pakistani jelly candy known for its unique sweet, sour, and spicy flavor, with a chewy, gel-like texture",CandyLand,What is the price of Chilli Milli?,The price of Chilli Milli is 10rs,Who is the manufacturer of Chilli Milli?,The manufacturer of Chilli Milli is CandyLand,How many variants are there of Chilli Milli?,
Twisto,10,Jelly,What is Twisto?,"Twisto candy is a soft, chewy jelly candy that comes in a variety of fruity and tangy flavors",Ismail,What is the price of Twisto?,The price of Twisto is 10rs,Who is the manufacturer of Twisto?,The manufacturer of Twisto is Ismail,How many variants are there of Twisto?,
Polly,60,Juice,What is Polly?,Polly Juice is a brand of fruit juice and juice drinks produced by the Pakistani company,Bisconni,What is the price of Polly?,The price of Polly is 60rs,Who is the manufacturer of Polly?,The manufacturer of Polly is Bisconni,How many variants are there of Polly?,
Fruita Vitals Apple,70,Juice,What is Fruita Vitals Apple?,Nestlé Fruita Vitals Apple Juice is a branded line of apple juice and fruit nectar from Nestlé,Nestle,What is the price of Fruita Vitals Apple?,The price of Fruita Vitals Apple is 70rs,Who is the manufacturer of Fruita Vitals Apple?,The manufacturer of Fruita Vitals Apple is Nestle,How many variants are there of Fruita Vitals Apple?,
Fruita Vitals Red Anaar,70,Juice,What is Fruita Vitals Red Anaar?,"Fruita Vitals Red Anaar juice is a pomegranate-flavored fruit nectar made by Nestlé, known for its rich, deep flavor and antioxidant properties",Nestle,What is the price of Fruita Vitals Red Anaar?,The price of Fruita Vitals Red Anaar is 70rs,Who is the manufacturer of Fruita Vitals Red Anaar?,The manufacturer of Fruita Vitals Red Anaar is Nestle,How many variants are there of Fruita Vitals Red Anaar?,
Pakola,80,Juice,What is Pakola?,"Pakola is a brand of Pakistani beverages, known for both its green-colored, ice-cream soda-flavored carbonated soft drink and its range of milk-based and fruit juices",Mehran Bottlers,What is the price of Pakola?,The price of Pakola is 80rs,Who is the manufacturer of Pakola?,The manufacturer of Pakola is Mehran Bottlers,How many variants are there of Pakola?,
Rani Peach,150,Juice,What is Rani Peach?,"Rani peach juice is a fruit juice drink with real peach chunks or pulp, known for its ""shake, drink, and chew"" experience",Aujan Coca-Cola,What is the price of Rani Peach?,The price of Rani Peach is 150rs,Who is the manufacturer of Rani Peach?,The manufacturer of Rani Peach is Aujan Coca-Cola,How many variants are there of Rani Peach?,
Rani Orange,150,Juice,What is Rani Orange?,"Rani orange juice is a brand of fruit-based juice drink known for its signature ""Float"" line, which contains real fruit pieces or chunks in a refreshing juice blend",Aujan Coca-Cola,What is the price of Rani Orange?,The price of Rani Orange is 150rs,Who is the manufacturer of Rani Orange?,The manufacturer of Rani Orange is Aujan Coca-Cola,How many variants are there of Rani Orange?,
Nesfruita,60,Juice,What is Nesfruita?,Nesfruta is a brand of fruit-flavored beverages made by Nestlé. Available in flavors like apple and mango,Nestle,What is the price of Nesfruita?,The price of Nesfruita is 60rs,Who is the manufacturer of Nesfruita?,The manufacturer of Nesfruita is Nestle,How many variants are there of Nesfruita?,
Slice,60,Juice,What is Slice?,"Slice is a mango-flavored fruit juice, popular in South Asia, made with mango pulp and marketed as a refreshing and tasty drink",PepsiCo,What is the price of Slice?,The price of Slice is 60rs,Who is the manufacturer of Slice?,The manufacturer of Slice is PepsiCo,How many variants are there of Slice?,
Nesfruita Red Grapes,70,Juice,What is Nesfruita Red Grapes?,"Nestlé Fruita Vitals Red Grapes Juice is a fruit drink brand from Pakistan that comes in different fruit juice content percentages, such as 35% or 50%",Nestle,What is the price of Nesfruita Red Grapes?,The price of Nesfruita Red Grapes is 70rs,Who is the manufacturer of Nesfruita Red Grapes?,The manufacturer of Nesfruita Red Grapes is Nestle,How many variants are there of Nesfruita Red Grapes?,
Chilli Garlic Sauce,220,Ketchup,What is Chilli Garlic Sauce?,"National Chilli Garlic Sauce is a versatile condiment from National Foods that combines spicy chili peppers and aromatic garlic to create a bold, savory, and hot flavor",National,What is the price of Chilli Garlic Sauce?,The price of Chilli Garlic Sauce is 220rs,Who is the manufacturer of Chilli Garlic Sauce?,The manufacturer of Chilli Garlic Sauce is National,How many variants are there of Chilli Garlic Sauce?,
Tomato Ketchup,220,Ketchup,What is Tomato Ketchup?,"National Tomato Ketchup is a thick, flavorful condiment made by National Foods from real tomatoes and a blend of spices",National,What is the price of Tomato Ketchup?,The price of Tomato Ketchup is 220rs,Who is the manufacturer of Tomato Ketchup?,The manufacturer of Tomato Ketchup is National,How many variants are there of Tomato Ketchup?,
Nurpur,80,Milk Whitener,What is Nurpur?,"Nurpur milk is a brand of dairy products, particularly known for its full-cream milk",Fauji Foods,What is the price of Nurpur?,The price of Nurpur is 80rs,Who is the manufacturer of Nurpur?,The manufacturer of Nurpur is Fauji Foods,How many variants are there of Nurpur?,
Olpers,80,Milk Whitener,What is Olpers?,"Olpers is a full cream, flavored, and high-calcium low-fat milk",Engro Foods,What is the price of Olpers?,The price of Olpers is 80rs,Who is the manufacturer of Olpers?,The manufacturer of Olpers is Engro Foods,How many variants are there of Olpers?,
Dostea,60,Milk Whitener,What is Dostea?,Dostea milk is a liquid tea creamer,Engro Foods,What is the price of Dostea?,The price of Dostea is 60rs,Who is the manufacturer of Dostea?,The manufacturer of Dostea is Engro Foods,How many variants are there of Dostea?,
Milkpak,80,Milk Whitener,What is Milkpak?,"Milkpak is a popular dairy product brand from Nestlé, primarily sold in Pakistan, that includes a variety of items like full-cream milk and cream",Nestle,What is the price of Milkpak?,The price of Milkpak is 80rs,Who is the manufacturer of Milkpak?,The manufacturer of Milkpak is Nestle,How many variants are there of Milkpak?,
Tarang,60,Milk Whitener,What is Tarang?,Tarang milk is a popular UHT (Ultra-High Temperature) dairy-based tea whitener made by Engro Foods in Pakistan,Engro Foods,What is the price of Tarang?,The price of Tarang is 60rs,Who is the manufacturer of Tarang?,The manufacturer of Tarang is Engro Foods,How many variants are there of Tarang?,
Adaab,10,Nicotine,What is Adaab?,"The product is known for its ""traditional flavor"" and is widely exported from India to markets in Pakistan, Afghanistan, and the Middle East. The product is consumed for cultural and social occasions and is associated with a rich and satisfying taste. ",Local,What is the price of Adaab?,The price of Adaab is 10rs,Who is the manufacturer of Adaab?,The manufacturer of Adaab is Local,How many variants are there of Adaab?,There are no variants (sizes) of Adaab?
Rajni,10,Nicotine,What is Rajni?,Rajni is a sweet mouth freshener made with betel nuts and other ingredients,Local,What is the price of Rajni?,The price of Rajni is 10rs,Who is the manufacturer of Rajni?,The manufacturer of Rajni is Local,How many variants are there of Rajni?,There are no variants (sizes) of Rajni?
Pan Parag,10,Nicotine,What is Pan Parag?,Pan Parag is a brand name for a popular Indian mouth freshener and a pioneer in the pan masala industry .,DS Group,What is the price of Pan Parag?,The price of Pan Parag is 10rs,Who is the manufacturer of Pan Parag?,The manufacturer of Pan Parag is DS Group,How many variants are there of Pan Parag?,There are no variants (sizes) of Pan Parag?
Mughlia,20,Nimco,What is Mughlia?,"Mughlia nimco is a spicy, crunchy, South Asian savory snack mix inspired by the culinary traditions of the Mughal Empire",Local,What is the price of Mughlia?,The price of Mughlia is 20rs,Who is the manufacturer of Mughlia?,The manufacturer of Mughlia is Local,How many variants are there of Mughlia?,
Lunch Time,20,Nimco,What is Lunch Time?,"Lunch time nimco is a marketing term for a specific mix of spicy, savory Pakistani snacks designed to be eaten during a mealtime, not just as a casual snack",Bisconni,What is the price of Lunch Time?,The price of Lunch Time is 20rs,Who is the manufacturer of Lunch Time?,The manufacturer of Lunch Time is Bisconni,How many variants are there of Lunch Time?,
Ballay Ballay,20,Nimco,What is Ballay Ballay?,"Ballay Ballay Nimco is a Pakistani savory snack mix, known for its crispy and spicy flavors",Bisconni,What is the price of Ballay Ballay?,The price of Ballay Ballay is 20rs,Who is the manufacturer of Ballay Ballay?,The manufacturer of Ballay Ballay is Bisconni,How many variants are there of Ballay Ballay?,
Shoop Chicken,50,Noodles,What is Shoop Chicken?,Shoop Chicken is a brand of instant chicken-flavored noodles.,Shan Foods,What is the price of Shoop Chicken?,The price of Shoop Chicken is 50rs,Who is the manufacturer of Shoop Chicken?,The manufacturer of Shoop Chicken is Shan Foods,How many variants are there of Shoop Chicken?,
Knor Chicken,50,Noodles,What is Knor Chicken?,"Knorr Chicken is a brand of food products that enhances the flavor of dishes with a savory, chicken taste. ",Unilever,What is the price of Knor Chicken?,The price of Knor Chicken is 50rs,Who is the manufacturer of Knor Chicken?,The manufacturer of Knor Chicken is Unilever,How many variants are there of Knor Chicken?,
Shoop Chatpata,50,Noodles,What is Shoop Chatpata?,"Shoop Chatpata is a brand of instant noodles from Shan Foods that are known for their spicy and tangy ""chatpata"" . ",Shan Foods,What is the price of Shoop Chatpata?,The price of Shoop Chatpata is 50rs,Who is the manufacturer of Shoop Chatpata?,The manufacturer of Shoop Chatpata is Shan Foods,How many variants are there of Shoop Chatpata?,
Knor Chatpata,50,Noodles,What is Knor Chatpata?,"Knorr Chatpata is a type of instant noodle with a popular, tangy and spicy ""chatpata"" flavor profile, inspired by South Asian street food.",Unilever,What is the price of Knor Chatpata?,The price of Knor Chatpata is 50rs,Who is the manufacturer of Knor Chatpata?,The manufacturer of Knor Chatpata is Unilever,How many variants are there of Knor Chatpata?,
Mixed Pickle,50,Pickle,What is Mixed Pickle?,"Mixed pickle is a condiment made from a variety of vegetables preserved in a brine or oil, featuring a medley of flavors like tangy, spicy, and savory.",National,What is the price of Mixed Pickle?,The price of Mixed Pickle is 50rs,Who is the manufacturer of Mixed Pickle?,The manufacturer of Mixed Pickle is National,How many variants are there of Mixed Pickle?,
Treet,80,Razor,What is Treet?,"Treet is a Pakistani conglomerate that primarily manufactures razors and razor blades, including disposable and safety razors for personal hygiene, as well as other products like batteries and soaps .",Treet Corporation,What is the price of Treet?,The price of Treet is 80rs,Who is the manufacturer of Treet?,The manufacturer of Treet is Treet Corporation,How many variants are there of Treet?,There are no variants (sizes) of Treet?
Trig,80,Razor,What is Trig?,"Trig is a brand of razor blades, specifically Trig Silver Edge, which are stainless steel, double-edge razor blades made by the Treet Corporation in Pakistan",Treet Corporation,What is the price of Trig?,The price of Trig is 80rs,Who is the manufacturer of Trig?,The manufacturer of Trig is Treet Corporation,How many variants are there of Trig?,There are no variants (sizes) of Trig?
Gillete,80,Razor,What is Gillete?,"Gillette is an American brand of razors and personal care products, owned by Procter & Gamble.",P&G,What is the price of Gillete?,The price of Gillete is 80rs,Who is the manufacturer of Gillete?,The manufacturer of Gillete is P&G,How many variants are there of Gillete?,There are no variants (sizes) of Gillete?
Butterfly,400,Sanitary Pads,What is Butterfly?,"Butterfly sanitary pads are a line of menstrual hygiene products known for their comfort, absorbency, and variety, including options for sensitive skin, heavy flow, and postpartum use",Santex,What is the price of Butterfly?,The price of Butterfly is 400rs,Who is the manufacturer of Butterfly?,The manufacturer of Butterfly is Santex,How many variants are there of Butterfly?,
Always,400,Sanitary Pads,What is Always?,"Always Sanitary Pads are a brand of disposable feminine hygiene products designed for absorbing menstrual flow. They are manufactured by Procter & Gamble and come in various styles, such as ultra-thin, thick, and overnight options, to provide protection and comfort during a menstrual period. Key features often include features like wings, absorbent cores, and odor control technology. ",P&G,What is the price of Always?,The price of Always is 400rs,Who is the manufacturer of Always?,The manufacturer of Always is P&G,How many variants are there of Always?,
Embrace,400,Sanitary Pads,What is Embrace?,"Embrace is a brand of sanitary pads from Pakistan, offering a range of products like the ""Sensitives"" line for sensitive skin and ""Essentials"" for regular use. These pads are known for features like being perfume and ink-free, having a cotton-soft top sheet, and a breathable backsheet for comfort. Some specific products are designed to be extra long, maxi thick, or ultra-thin.",P&G,What is the price of Embrace?,The price of Embrace is 400rs,Who is the manufacturer of Embrace?,The manufacturer of Embrace is P&G,How many variants are there of Embrace?,
Sunsilk,350,Shampoo,What is Sunsilk?,"Sunsilk shampoo is a line of hair care products from the Unilever brand, known for being an affordable and popular hair-care brand",Unilever,What is the price of Sunsilk?,The price of Sunsilk is 350rs,Who is the manufacturer of Sunsilk?,The manufacturer of Sunsilk is Unilever,How many variants are there of Sunsilk?,
Head n Shoulder,350,Shampoo,What is Head n Shoulder?,Head n Shoulder is anti-dandruff shampoo brand,P&G,What is the price of Head n Shoulder?,The price of Head n Shoulder is 350rs,Who is the manufacturer of Head n Shoulder?,The manufacturer of Head n Shoulder is P&G,How many variants are there of Head n Shoulder?,
Tresseme,350,Shampoo,What is Tresseme?,"TRESemme is a global hair care brand, owned by Unilever, that offers a wide range of professional-quality shampoos, conditioners, and styling products designed for at-home use",Unilever,What is the price of Tresseme?,The price of Tresseme is 350rs,Who is the manufacturer of Tresseme?,The manufacturer of Tresseme is Unilever,How many variants are there of Tresseme?,
Lifebouy Shampoo,350,Shampoo,What is Lifebouy Shampoo?,"Lifebuoy Shampoo is a personal care product formulated to cleanse hair and promote strength and shine, often containing ingredients like milk protein and natural herbs. Sanitary pads, on the other hand, are disposable personal hygiene products used by women to absorb menstrual flow .",Unilever,What is the price of Lifebouy Shampoo?,The price of Lifebouy Shampoo is 350rs,Who is the manufacturer of Lifebouy Shampoo?,The manufacturer of Lifebouy Shampoo is Unilever,How many variants are there of Lifebouy Shampoo?,
Clear,350,Shampoo,What is Clear?,"Clear is a brand of shampoo that focuses on scalp care, primarily known for its anti-dandruff properties and its use of technologies like Triple Anti-Dandruff Technology.",Unilever,What is the price of Clear?,The price of Clear is 350rs,Who is the manufacturer of Clear?,The manufacturer of Clear is Unilever,How many variants are there of Clear?,
Power Plus,150,Shoe Polish,What is Power Plus?,"wer Plus is a brand of shoe polish available in various formats, such as liquid, cream, and instant shiner, designed to clean, shine, and protect leather and synthetic shoes",Local,What is the price of Power Plus?,The price of Power Plus is 150rs,Who is the manufacturer of Power Plus?,The manufacturer of Power Plus is Local,How many variants are there of Power Plus?,
Kiwi,100,Shoe Polish,What is Kiwi?,"Kiwi shoe polish is a brand of shoe polish used to clean, shine, and protect leather footwear",SC Johnson,What is the price of Kiwi?,The price of Kiwi is 100rs,Who is the manufacturer of Kiwi?,The manufacturer of Kiwi is SC Johnson,How many variants are there of Kiwi?,
Cherry Blososom,250,Shoe Polish,What is Cherry Blososom?,"Cherry Blossom shoe polish is a brand of shoe care products, primarily a wax and oil-based polish, that is designed to clean, condition, and shine smooth leather shoes",SC Johnson,What is the price of Cherry Blososom?,The price of Cherry Blososom is 250rs,Who is the manufacturer of Cherry Blososom?,The manufacturer of Cherry Blososom is SC Johnson,How many variants are there of Cherry Blososom?,
Lifebouy,100,Soap,What is Lifebouy?,"Lifebuoy is a brand of soap, originally famous for its carbolic acid content, that is now marketed as a germ-protection soap with various formulations for hand and body hygiene",Unilever,What is the price of Lifebouy?,The price of Lifebouy is 100rs,Who is the manufacturer of Lifebouy?,The manufacturer of Lifebouy is Unilever,How many variants are there of Lifebouy?,
Hari,40,Soap,What is Hari?,Hari is a laundry bar soap,Local,What is the price of Hari?,The price of Hari is 40rs,Who is the manufacturer of Hari?,The manufacturer of Hari is Local,How many variants are there of Hari?,
Safeguard,120,Soap,What is Safeguard?,Safeguard is an antibacterial soap,P&G,What is the price of Safeguard?,The price of Safeguard is 120rs,Who is the manufacturer of Safeguard?,The manufacturer of Safeguard is P&G,How many variants are there of Safeguard?,
Pears,200,Soap,What is Pears?,Pears is a glycerin-based soap,Unilever,What is the price of Pears?,The price of Pears is 200rs,Who is the manufacturer of Pears?,The manufacturer of Pears is Unilever,How many variants are there of Pears?,
Tibet,100,Soap,What is Tibet?,TIbet is a daily cleansing soap,Tibbet Group,What is the price of Tibet?,The price of Tibet is 100rs,Who is the manufacturer of Tibet?,The manufacturer of Tibet is Tibbet Group,How many variants are there of Tibet?,
Palmolive,100,Soap,What is Palmolive?,Palmolive is a brand of personal care and cleaning products produced by Colgate-Palmolive,Colgate-Palmolive,What is the price of Palmolive?,The price of Palmolive is 100rs,Who is the manufacturer of Palmolive?,The manufacturer of Palmolive is Colgate-Palmolive,How many variants are there of Palmolive?,
Dettol,120,Soap,What is Dettol?,Dettol soap is an antibacterial bar soap designed to cleanse the skin and protect against germs that cause body odor and skin infections,Reckitt,What is the price of Dettol?,The price of Dettol is 120rs,Who is the manufacturer of Dettol?,The manufacturer of Dettol is Reckitt,How many variants are there of Dettol?,
Lux,180,Soap,What is Lux?,"Lux soap is a brand of beauty soap produced by Unilever, known for its luxurious fragrances and skin-nourishing properties rather than strong antibacterial effects",Unilever,What is the price of Lux?,The price of Lux is 180rs,Who is the manufacturer of Lux?,The manufacturer of Lux is Unilever,How many variants are there of Lux?,
Dove,200,Soap,What is Dove?,"Dove is a Beauty Bar, a cleansing product that is different from traditional bar soaps because it contains 1/4 moisturizing cream",Unilever,What is the price of Dove?,The price of Dove is 200rs,Who is the manufacturer of Dove?,The manufacturer of Dove is Unilever,How many variants are there of Dove?,
Mountain Dew,180,Soft Drink,What is Mountain Dew?,"Mountain Dew is a citrus-flavored, caffeinated carbonated soft drink",PepsiCo,What is the price of Mountain Dew?,The price of Mountain Dew is 180rs,Who is the manufacturer of Mountain Dew?,The manufacturer of Mountain Dew is PepsiCo,How many variants are there of Mountain Dew?,
Fizz Up,180,Soft Drink,What is Fizz Up?,"Fizz Up is a low-carb, sugar-free, and sparkling drink",Local,What is the price of Fizz Up?,The price of Fizz Up is 180rs,Who is the manufacturer of Fizz Up?,The manufacturer of Fizz Up is Local,How many variants are there of Fizz Up?,
Pepsi Diet,180,Soft Drink,What is Pepsi Diet?,"Diet Pepsi is a sugar-free, zero-calorie version of the classic Pepsi cola that uses artificial sweeteners to provide the same flavor without the sugar",PepsiCo,What is the price of Pepsi Diet?,The price of Pepsi Diet is 180rs,Who is the manufacturer of Pepsi Diet?,The manufacturer of Pepsi Diet is PepsiCo,How many variants are there of Pepsi Diet?,
Sting,180,Soft Drink,What is Sting?,Sting is a carbonated energy drink,PepsiCo,What is the price of Sting?,The price of Sting is 180rs,Who is the manufacturer of Sting?,The manufacturer of Sting is PepsiCo,How many variants are there of Sting?,
Mirinda,180,Soft Drink,What is Mirinda?,Mirinda is a carbonated fruit-flavored soft drink,PepsiCo,What is the price of Mirinda?,The price of Mirinda is 180rs,Who is the manufacturer of Mirinda?,The manufacturer of Mirinda is PepsiCo,How many variants are there of Mirinda?,
Fanta,180,Soft Drink,What is Fanta?,"Fanta is a fizzy, fruity, and tangy taste drink",Coca-Cola,What is the price of Fanta?,The price of Fanta is 180rs,Who is the manufacturer of Fanta?,The manufacturer of Fanta is Coca-Cola,How many variants are there of Fanta?,
7Up,180,Soft Drink,What is 7Up?,"7UP is a brand of lemon-lime-flavored, non-caffeinated soft drink",PepsiCo,What is the price of 7Up?,The price of 7Up is 180rs,Who is the manufacturer of 7Up?,The manufacturer of 7Up is PepsiCo,How many variants are there of 7Up?,
Sprite,180,Soft Drink,What is Sprite?,"Sprite is a caffeine-free, lemon-lime flavored soft drink",Coca-Cola,What is the price of Sprite?,The price of Sprite is 180rs,Who is the manufacturer of Sprite?,The manufacturer of Sprite is Coca-Cola,How many variants are there of Sprite?,
Coca Cola,180,Soft Drink,What is Coca Cola?,"Coca-Cola is a sweet, carbonated beverage",Coca-Cola,What is the price of Coca Cola?,The price of Coca Cola is 180rs,Who is the manufacturer of Coca Cola?,The manufacturer of Coca Cola is Coca-Cola,How many variants are there of Coca Cola?,
Pepsi,180,Soft Drink,What is Pepsi?,Pepsi is a carbonated soft drink with a cola flavor,PepsiCo,What is the price of Pepsi?,The price of Pepsi is 180rs,Who is the manufacturer of Pepsi?,The manufacturer of Pepsi is PepsiCo,How many variants are there of Pepsi?,
Cola Next,180,Soft Drink,What is Cola Next?,"Cola Next is a classic cola flavor, balancing sweetness with a tangy and fizzy taste drink",Mehran Bottlers,What is the price of Cola Next?,The price of Cola Next is 180rs,Who is the manufacturer of Cola Next?,The manufacturer of Cola Next is Mehran Bottlers,How many variants are there of Cola Next?,
Rajput,5,Supari,What is Rajput?,"Rajput Supari is a type of sweet areca nut (supari) mouth freshener, often marketed as ""Rajput Gold""",Local,What is the price of Rajput?,The price of Rajput is 5rs,Who is the manufacturer of Rajput?,The manufacturer of Rajput is Local,How many variants are there of Rajput?,There are no variants (sizes) of Rajput?
Jambola,5,Supari,What is Jambola?,"Jambola supari is a type of sweet mouth freshener made from betel nuts, flavored, and often infused with menthol and other spices",Local,What is the price of Jambola?,The price of Jambola is 5rs,Who is the manufacturer of Jambola?,The manufacturer of Jambola is Local,How many variants are there of Jambola?,There are no variants (sizes) of Jambola?
Tara,5,Supari,What is Tara?,"Tara Supari, specifically Tara Gold Sweet Supari, is a brand of sweet betel nut (areca nut) mouth freshener popular in Pakistan",Local,What is the price of Tara?,The price of Tara is 5rs,Who is the manufacturer of Tara?,The manufacturer of Tara is Local,How many variants are there of Tara?,There are no variants (sizes) of Tara?
Dillagi,5,Supari,What is Dillagi?,"Dillagi supari is a sweet, flavored betel nut product commonly used as a traditional Indian and Pakistani mouth freshener and digestive aid",Local,What is the price of Dillagi?,The price of Dillagi is 5rs,Who is the manufacturer of Dillagi?,The manufacturer of Dillagi is Local,How many variants are there of Dillagi?,There are no variants (sizes) of Dillagi?
Tasty Gold,5,Supari,What is Tasty Gold?,Tasty Gold is a mouth freshner supari,Local,What is the price of Tasty Gold?,The price of Tasty Gold is 5rs,Who is the manufacturer of Tasty Gold?,The manufacturer of Tasty Gold is Local,How many variants are there of Tasty Gold?,There are no variants (sizes) of Tasty Gold?
Andlip,5,Supari,What is Andlip?,"Andleeb supari is a specific brand of sweet, traditional Pakistani mouth freshener made from areca nuts that are sweetened with sugar, artificial flavors, and menthol",Local,What is the price of Andlip?,The price of Andlip is 5rs,Who is the manufacturer of Andlip?,The manufacturer of Andlip is Local,How many variants are there of Andlip?,There are no variants (sizes) of Andlip?
Hum Tum,5,Supari,What is Hum Tum?,"Hum Tum Supari is a popular sweet, aromatic mouth freshener from Pakistan, made primarily from betel nuts (supari) mixed with a variety of other ingredients like fennel, sesame, aniseed, and a chocolate flavor",Local,What is the price of Hum Tum?,The price of Hum Tum is 5rs,Who is the manufacturer of Hum Tum?,The manufacturer of Hum Tum is Local,How many variants are there of Hum Tum?,There are no variants (sizes) of Hum Tum?
Naz,5,Supari,What is Naz?,"Naz supari is a popular Pakistani sweet mouth freshener made from areca nut (betel nut), flavored with a sweet and aromatic blend of spices, sugar, fennel seeds, and coconut",Local,What is the price of Naz?,The price of Naz is 5rs,Who is the manufacturer of Naz?,The manufacturer of Naz is Local,How many variants are there of Naz?,There are no variants (sizes) of Naz?
Sanam Gold,5,Supari,What is Sanam Gold?,"Sanam Gold Supari is a type of sweet betel nut confection, often sold as a candy or after-meal treat, that is typically found in a gold-colored wrapper",Local,What is the price of Sanam Gold?,The price of Sanam Gold is 5rs,Who is the manufacturer of Sanam Gold?,The manufacturer of Sanam Gold is Local,How many variants are there of Sanam Gold?,There are no variants (sizes) of Sanam Gold?
Tulsi,5,Supari,What is Tulsi?,"Tulsi supari is a traditional South Asian mouth freshener that combines betel nut (\(supari\)) with sweet, aromatic ingredients, including tulsi (holy basil) leaves. It is made with a blend of ingredients like fennel seeds, cardamom, and sugar, offering a sweet, refreshing, and aromatic flavor profile that is used as a digestive aid after meals or as a social treat",Local,What is the price of Tulsi?,The price of Tulsi is 5rs,Who is the manufacturer of Tulsi?,The manufacturer of Tulsi is Local,How many variants are there of Tulsi?,There are no variants (sizes) of Tulsi?
Shahi Deluxe,5,Supari,What is Shahi Deluxe?,"Shahi Deluxe Supari is a popular herbal mouth freshener made with a blend of ingredients like fennel seeds, dry dates, cardamom, and menthol",Local,What is the price of Shahi Deluxe?,The price of Shahi Deluxe is 5rs,Who is the manufacturer of Shahi Deluxe?,The manufacturer of Shahi Deluxe is Local,How many variants are there of Shahi Deluxe?,There are no variants (sizes) of Shahi Deluxe?
Kashmiri Gold,5,Supari,What is Kashmiri Gold?,"Kashmiri Gold Supari is a premium mouth freshener made from a blend of betel nuts (supari), natural flavors, mint, sweeteners, and sometimes silver leaves or dry fruits",Local,What is the price of Kashmiri Gold?,The price of Kashmiri Gold is 5rs,Who is the manufacturer of Kashmiri Gold?,The manufacturer of Kashmiri Gold is Local,How many variants are there of Kashmiri Gold?,There are no variants (sizes) of Kashmiri Gold?
Jam e shirin,230,Syrup,What is Jam e shirin?,"Jam-e-Shirin is a brand of refreshing herbal syrup, often made from distillates of natural herbs and known for its pleasant taste and fragrance",Qarshi,What is the price of Jam e shirin?,The price of Jam e shirin is 230rs,Who is the manufacturer of Jam e shirin?,The manufacturer of Jam e shirin is Qarshi,How many variants are there of Jam e shirin?,
Pakola,230,Syrup,What is Pakola?,"Pakola syrup is a liquid concentrate made from ingredients like refined sugar and fruit essence, depending on the flavor",Mehran Bottlers,What is the price of Pakola?,The price of Pakola is 230rs,Who is the manufacturer of Pakola?,The manufacturer of Pakola is Mehran Bottlers,How many variants are there of Pakola?,
Quice,230,Syrup,What is Quice?,"Quice syrup is a brand of concentrated syrup, available as both an ice cream topping and a beverage mix (often called Rooh-e-Shireen), made from distillates of natural herbs and fruit juices",Quice Foods,What is the price of Quice?,The price of Quice is 230rs,Who is the manufacturer of Quice?,The manufacturer of Quice is Quice Foods,How many variants are there of Quice?,
Vital,30,Tea,What is Vital?,"Vital Tea is a brand of tea, primarily popular in Pakistan, that offers various types of tea including black, green, and herbal blends",Vital Tea,What is the price of Vital?,The price of Vital is 30rs,Who is the manufacturer of Vital?,The manufacturer of Vital is Vital Tea,How many variants are there of Vital?,
Green Tea,40,Tea,What is Green Tea?,Green tea is a type of tea made from the Camellia sinensis plant that is minimally oxidized because its leaves are quickly heated after harvesting to prevent oxidation,Tapal,What is the price of Green Tea?,The price of Green Tea is 40rs,Who is the manufacturer of Green Tea?,The manufacturer of Green Tea is Tapal,How many variants are there of Green Tea?,
Lipton,80,Tea,What is Lipton?,"Lipton is a popular brand known for its tea products, including hot tea bags, loose leaf tea, and ready-to-drink iced tea",Unilever,What is the price of Lipton?,The price of Lipton is 80rs,Who is the manufacturer of Lipton?,The manufacturer of Lipton is Unilever,How many variants are there of Lipton?,
Tapal Danedar,30,Tea,What is Tapal Danedar?,"Tapal Danedar is a premium black tea brand from Pakistan, known for its strong, rich flavor and aroma",Tapal Tea,What is the price of Tapal Danedar?,The price of Tapal Danedar is 30rs,Who is the manufacturer of Tapal Danedar?,The manufacturer of Tapal Danedar is Tapal Tea,How many variants are there of Tapal Danedar?,
Supreme,30,Tea,What is Supreme?,"Brooke Bond Supreme Tea - Royal-E-MartSupreme Tea is a brand of black tea, primarily known as Brooke Bond Supreme",Tapal Tea,What is the price of Supreme?,The price of Supreme is 30rs,Who is the manufacturer of Supreme?,The manufacturer of Supreme is Tapal Tea,How many variants are there of Supreme?,
Synthetic Vinegar,140,Vinegar,What is Synthetic Vinegar?,"Synthetic vinegar is vinegar produced through a chemical process, unlike naturally fermented vinegar, and is essentially a solution of chemically synthesized acetic acid and water",National,What is the price of Synthetic Vinegar?,The price of Synthetic Vinegar is 140rs,Who is the manufacturer of Synthetic Vinegar?,The manufacturer of Synthetic Vinegar is National,How many variants are there of Synthetic Vinegar?,
Novita Orange,30,Wafer,What is Novita Orange?,Novita orange is a four-layered wafer with three layers of orange-flavored cream filling,Bisconni,What is the price of Novita Orange?,The price of Novita Orange is 30rs,Who is the manufacturer of Novita Orange?,The manufacturer of Novita Orange is Bisconni,How many variants are there of Novita Orange?,
Novita Chocolate,30,Wafer,What is Novita Chocolate?,Novita chocolate is a four-layered wafer with three layers of orange-flavored cream filling,Bisconni,What is the price of Novita Chocolate?,The price of Novita Chocolate is 30rs,Who is the manufacturer of Novita Chocolate?,The manufacturer of Novita Chocolate is Bisconni,How many variants are there of Novita Chocolate?,
Wispy,30,Wafer,What is Wispy?,"Wispy Wafers are a brand of crispy, thin, and light wafer rolls",Ismail Industries,What is the price of Wispy?,The price of Wispy is 30rs,Who is the manufacturer of Wispy?,The manufacturer of Wispy is Ismail Industries,How many variants are there of Wispy?,
Nestle pure life,70,Water,What is Nestle?,Nestle pure life a mineral water,Nestle,What is the price of Nestle?,The price of Nestle is 70rs,Who is the manufacturer of Nestle?,The manufacturer of Nestle pure life is Nestle,How many variants are there of Nestle pure life?,
Aquafina,50,Water,What is Aquafina?,Aquafina is a drinking water,PepsiCo,What is the price of Aquafina?,The price of Aquafina is 50rs,Who is the manufacturer of Aquafina?,The manufacturer of Aquafina is PepsiCo,How many variants are there of Aquafina?,
Atco,50,Water,What is Atco?,Atco is a water,ATCO Laboratories,What is the price of Atco?,The price of Atco is 50rs,Who is the manufacturer of Atco?,The manufacturer of Atco is ATCO Laboratories,How many variants are there of Atco?,
Lemon,20,Biscuit,What is Lemon?,"A lemon biscuit is a type of cookie or biscuit with a citrus flavor, achieved by adding lemon zest and/or juice to the dough",Peek Freans,What is the price of Lemon?,The price of Lemon is 20rs,Who is the manufacturer of Lemon?,The manufacturer of Lemon is Peek Freans,How many variants are there of Lemon?,
Lemon Max,30,Soap,What is Lemon Max?,"Lemon Max is a brand of dishwashing products, produced by Colgate-Palmolive, that uses lemon juice for its grease-cutting properties",Colgate-Palmolive,What is the price of Lemon Max?,The price of Lemon Max is 30.0rs,Who is the manufacturer of Lemon Max?,The manufacturer of Lemon Max is Colgate-Palmolive,How many variants are there of Lemon Max?,
Touch,150,Condom,What is Touch?," condoms are made from natural rubber latex, are electronically tested, and are designed to provide protection against unwanted pregnancies and sexually transmitted infections (STIs). ",Greenstar,What is the price of Touch?,The price of Touch is 150.0rs,Who is the manufacturer of Touch?,The manufacturer of Touch is Greenstar,How many variants are there of Touch?,There are no variants (sizes) of Touch?
Salva,20,Nimco,What is Salva?,"Salva is a brand of nimko, which is a popular Pakistani savory snack mix made from a combination of crispy ingredients like lentils, chickpeas, and peanuts, seasoned with a variety of spices",Zia Foods,What is the price of Salva?,The price of Salva is 20.0rs,Who is the manufacturer of Salva?,The manufacturer of Salva is Zia Foods,How many variants are there of Salva?,
Colgate,100,Tooth Paste,What is Colgate?,"Colgate is an American oral hygiene brand owned by Colgate-Palmolive, which produces toothpaste and other dental care products",Colgate-Palmolive,What is the price of Colgate?,The price of Colgate is 100.0rs,Who is the manufacturer of Colgate?,The manufacturer of Colgate is Colgate-Palmolive,How many variants are there of Colgate?,
Sensodyne,150,Tooth Paste,What is Sensodyne?,Sensodyne is a brand of toothpaste specifically formulated to relieve tooth sensitivity pain and provide long-term protection for sensitive teeth.,Haleon plc,What is the price of Sensodyne?,The price of Sensodyne is 150.0rs,Who is the manufacturer of Sensodyne?,The manufacturer of Sensodyne is Haleon plc,How many variants are there of Sensodyne?,
Paradontax,150,Tooth Paste,What is Paradontax?,Parodontax is a brand of specialist toothpaste designed to help prevent and treat bleeding gums by targeting plaque.,Haleon plc,What is the price of Paradontax?,The price of Paradontax is 150.0rs,Who is the manufacturer of Paradontax?,The manufacturer of Paradontax is Haleon plc,How many variants are there of Paradontax?,
Doctor,150,Tooth Paste,What is Doctor?,"Doctor Toothpaste is a brand of oral care product that is formulated to protect gums and teeth by reducing sensitivity, relieving toothaches, stopping gum bleeding, and preventing bad breath.",Anfords Pakistan (Pvt.) Ltd,What is the price of Doctor?,The price of Doctor is 150.0rs,Who is the manufacturer of Doctor?,The manufacturer of Doctor is Anfords Pakistan (Pvt.) Ltd,How many variants are there of Doctor?,
Nankhatai,20,Biscuit,What is Nankhatai?,"Nankhatai is a type of shortbread biscuit from the Indian subcontinent, known for its soft, crumbly, melt-in-the-mouth texture.",LU,What is the price of Nankhatai?,The price of Nankhatai is 20.0rs,Who is the manufacturer of Nankhatai?,The manufacturer of Nankhatai is LU,How many variants are there of Nankhatai?,
Butter,20,Biscuit,What is Butter?,"A butter biscuit is a type of cookie or a savory baked good made with a significant amount of butter as a primary ingredient, which gives it a rich flavor and tender, flaky, or crispy texture depending on the recipe.",LU,What is the price of Butter?,The price of Butter is 20.0rs,Who is the manufacturer of Butter?,The manufacturer of Butter is LU,How many variants are there of Butter?,
Cafe,20,Biscuit,What is Cafe?,"A cafe biscuit is typically a sweet, soft, or crumbly biscuit designed to be paired with tea or coffee.",Mayfair,What is the price of Cafe?,The price of Cafe is 20.0rs,Who is the manufacturer of Cafe?,The manufacturer of Cafe is Mayfair,How many variants are there of Cafe?,
Digestive,30,Biscuit,What is Digestive?,"A digestive biscuit is a semi-sweet, hard biscuit made from whole-wheat flour and is known for its slightly crumbly texture and malty flavor.",Innovative,What is the price of Digestive?,The price of Digestive is 30.0rs,Who is the manufacturer of Digestive?,The manufacturer of Digestive is Innovative,How many variants are there of Digestive?,
Chocolatto,20,Biscuit,What is Chocolatto?,"Chocolatto is a popular brand of biscuit, specifically from the Pakistani company Bisconni, known for its combination of a crispy biscuit shell and a rich, creamy chocolate filling inside.",Bisconni,What is the price of Chocolatto?,The price of Chocolatto is 20.0rs,Who is the manufacturer of Chocolatto?,The manufacturer of Chocolatto is Bisconni,How many variants are there of Chocolatto?,
Party Pik,20,Biscuit,What is Party Pik?,Party Pik is a brand of biscuits from the Pakistani manufacturer Peek Freans and English Biscuit Manufacturers (EBM).,Peek Freans,What is the price of Party Pik?,The price of Party Pik is 20.0rs,Who is the manufacturer of Party Pik?,The manufacturer of Party Pik is Peek Freans,How many variants are there of Party Pik?,
Rite,20,Biscuit,What is Rite?,"Rite! is a brand of sandwich biscuit produced by Bisconni, known for its dark, crunchy biscuits with a vanilla or chocolate cream filling.",Bisconni,What is the price of Rite?,The price of Rite is 20.0rs,Who is the manufacturer of Rite?,The manufacturer of Rite is Bisconni,How many variants are there of Rite?,
Bistiks,20,Biscuit,What is Bistiks?,"Bistiks is a brand name for a type of biscuit, specifically LU Bakeri Bistiks, which are typically crunchy, finger-shaped biscuits often infused with flavors like lemon and vanilla. ",LU,What is the price of Bistiks?,The price of Bistiks is 20.0rs,Who is the manufacturer of Bistiks?,The manufacturer of Bistiks is LU,How many variants are there of Bistiks?,
Click,20,Biscuit,What is Click?," It is described as a soft dough biscuit with a distinctive crunchy texture and the added ""zing"" of roasted cumin seeds.",Peek Freans,What is the price of Click?,The price of Click is 20.0rs,Who is the manufacturer of Click?,The manufacturer of Click is Peek Freans,How many variants are there of Click?,
Gluco,20,Biscuit,What is Gluco?,"A ""Gluco"" biscuit is a type of energy biscuit, often a plain, sweet, and crunchy biscuit that provides a quick source of energy due to its glucose content",Peek Freans,What is the price of Gluco?,The price of Gluco is 20.0rs,Who is the manufacturer of Gluco?,The manufacturer of Gluco is Peek Freans,How many variants are there of Gluco?,
Choco Lava,30,Biscuit,What is Choco Lava?,"A choco lava biscuit is a biscuit with a crispy outer layer and a soft, molten chocolate center that flows out when bitten into",Peek Freans,What is the price of Choco Lava?,The price of Choco Lava is 30.0rs,Who is the manufacturer of Choco Lava?,The manufacturer of Choco Lava is Peek Freans,How many variants are there of Choco Lava?,
Rollies,50,Cake,What is Rollies?,"They are a type of cake roll or Swiss roll, a dessert made from a thin sponge cake",Bisconni,What is the price of Rollies?,The price of Rollies is 50.0rs,Who is the manufacturer of Rollies?,The manufacturer of Rollies is Bisconni,How many variants are there of Rollies?,
Wheatable,20,Biscuit,What is Wheatable?,"Wheatable is a brand of whole wheat biscuits, marketed as a healthy snack option that is high in fiber",LU,What is the price of Wheatable?,The price of Wheatable is 20.0rs,Who is the manufacturer of Wheatable?,The manufacturer of Wheatable is LU,How many variants are there of Wheatable?,
Coconut,20,Biscuit,What is Coconut?,"Coconut is a biscuit made with real coconut flakes, giving it a tropical flavor and a sweet, crunchy texture",LU,What is the price of Coconut?,The price of Coconut is 20.0rs,Who is the manufacturer of Coconut?,The manufacturer of Coconut is LU,How many variants are there of Coconut?,
Nice,20,Biscuit,What is Nice?,"A ""Nice"" biscuit is a thin, rectangular, coconut-flavored biscuit that is lightly sprinkled with sugar crystals, often with the word ""NICE"" imprinted on to",LU,What is the price of Nice?,The price of Nice is 20.0rs,Who is the manufacturer of Nice?,The manufacturer of Nice is LU,How many variants are there of Nice?,
Classic,20,Biscuit,What is Classic?,"Classic biscuits, often called Bakeri Classic, are a traditional milk and egg biscuit",LU,What is the price of Classic?,The price of Classic is 20.0rs,Who is the manufacturer of Classic?,The manufacturer of Classic is LU,How many variants are there of Classic?,
Peanut,20,Biscuit,What is Peanut?,"These are biscuits that contain roasted peanuts, offering a crispy texture and rich peanut flavor",Innovative,What is the price of Peanut?,The price of Peanut is 20.0rs,Who is the manufacturer of Peanut?,The manufacturer of Peanut is Innovative,How many variants are there of Peanut?,
Chai Wala Biscuit,20,Biscuit,What is Chai Wala Biscuit?,"A ""Chai Wala Biscuit"" is a type of cookie or cracker, specifically designed to be eaten with tea.",Bisconni,What is the price of Chai Wala Biscuit?,The price of Chai Wala Biscuit is 20.0rs,Who is the manufacturer of Chai Wala Biscuit?,The manufacturer of Chai Wala Biscuit is Bisconni,How many variants are there of Chai Wala Biscuit?,
Frisky,40,Wafer,What is Frisky?," Frisky is a crispy, sweet wafers filled with layers of flavored cream, such as orange, vanilla, or chocolate",Innovative,What is the price of Frisky?,The price of Frisky is nanrs,Who is the manufacturer of Frisky?,The manufacturer of Frisky is Innovative,How many variants are there of Frisky?,
Deluxe,20,Biscuit,What is Deluxe?,Delice Buiscuit  refers to a type of butter cookie or a sugar-sprinkled coconut biscuit,Bisconni,What is the price of Deluxe?,The price of Deluxe is 20.0rs,Who is the manufacturer of Deluxe?,The manufacturer of Deluxe is Bisconni,How many variants are there of Deluxe?,
TeaTime,20,Biscuit,What is TeaTime?,"Teatime biscuits are a crispy, traditional Pakistani snack, typically flavored with lemon and vanilla, designed to be eaten with tea",Cookania,What is the price of TeaTime?,The price of TeaTime is 20.0rs,Who is the manufacturer of TeaTime?,The manufacturer of TeaTime is Cookania,How many variants are there of TeaTime?,
Saltish,50,Biscuit,What is Saltish?,"Saltish biscuits are a crispy, savory snack that offers a combination of salty and slightly sweet flavor",Peek Freans,What is the price of Saltish?,The price of Saltish is 50.0rs,Who is the manufacturer of Saltish?,The manufacturer of Saltish is Peek Freans,How many variants are there of Saltish?,
Patti Fry,10,Chips,What is Patti Fry?,"Patti Fry Masti Masala, a snack that brings a spicy twist to your munching moments",Winner,What is the price of Patti Fry?,The price of Patti Fry is 10.0rs,Who is the manufacturer of Patti Fry?,The manufacturer of Patti Fry is Winner,How many variants are there of Patti Fry?,
Finger Fries,10,Chips,What is Finger Fries?,Finger Fries is a black papper chips,Bolton,What is the price of Finger Fries?,The price of Finger Fries is 10.0rs,Who is the manufacturer of Finger Fries?,The manufacturer of Finger Fries is Bolton,How many variants are there of Finger Fries?,
Snackers,20,Chips,What is Snackers?," Snackers are a line of crunchy, triangle-shaped chips and snacks",Kolson,What is the price of Snackers?,The price of Snackers is 20.0rs,Who is the manufacturer of Snackers?,The manufacturer of Snackers is Kolson,How many variants are there of Snackers?,
Pingos,20,Chips,What is Pingos?," Pingos are a brand of puffed cornmeal snacks that come in a crunchy, ring-shaped form",Jojo,What is the price of Pingos?,The price of Pingos is 20.0rs,Who is the manufacturer of Pingos?,The manufacturer of Pingos is Jojo,How many variants are there of Pingos?,
Tikka Boti,10,Chips,What is Tikka Boti?,Tikka boti is a local company snacks with tikka falvour,Snacky,What is the price of Tikka Boti?,The price of Tikka Boti is 10.0rs,Who is the manufacturer of Tikka Boti?,The manufacturer of Tikka Boti is Snacky,How many variants are there of Tikka Boti?,
Chicken Maza,10,Chips,What is Chicken Maza?,chicken maza is a local company snacks with masala masti falvour,Local,What is the price of Chicken Maza?,The price of Chicken Maza is 10.0rs,Who is the manufacturer of Chicken Maza?,The manufacturer of Chicken Maza is Local,How many variants are there of Chicken Maza?,
Fillz,20,Chips,What is Fillz?,Fillz are light and crispy chips with Salt and Masala flavors,Snackcity,What is the price of Fillz?,The price of Fillz is 20.0rs,Who is the manufacturer of Fillz?,The manufacturer of Fillz is Snackcity,How many variants are there of Fillz?,
Pop Star,10,Chips,What is Pop Star?,"Pop Star snacks are a brand of baked, extruded snacks made from cornmeal, known for being a ""healthier alternative"" to fried potato snack",Shahi,What is the price of Pop Star?,The price of Pop Star is 10.0rs,Who is the manufacturer of Pop Star?,The manufacturer of Pop Star is Shahi,How many variants are there of Pop Star?,
Cheese Balls,20,Chips,What is Cheese Balls?," Cheese Balls are a popular, light, and crunchy snack made from cornmeal and flavored with either an original cheese or a tangy masala seasoning",Kolson,What is the price of Cheese Balls?,The price of Cheese Balls is 20.0rs,Who is the manufacturer of Cheese Balls?,The manufacturer of Cheese Balls is Kolson,How many variants are there of Cheese Balls?,
Chillz,50,Chips,What is Chillz?,"Chillz are spicy, crunchy potato sticks",Snackcity,What is the price of Chillz?,The price of Chillz is 50.0rs,Who is the manufacturer of Chillz?,The manufacturer of Chillz is Snackcity,How many variants are there of Chillz?,
Potato Sticks,20,Chips,What is Potato Sticks?,"Potato Sticks are a savory, crispy snack made from a blend of potato flakes and corn grits that are seasoned with pepper and salt",Kolson,What is the price of Potato Sticks?,The price of Potato Sticks is 20.0rs,Who is the manufacturer of Potato Sticks?,The manufacturer of Potato Sticks is Kolson,How many variants are there of Potato Sticks?,
Potato Snacks,20,Chips,What is Potato Snacks?,Potato Snacks is  yummy snack that come in Vegetable falvour,Yum Treats,What is the price of Potato Snacks?,The price of Potato Snacks is 20.0rs,Who is the manufacturer of Potato Snacks?,The manufacturer of Potato Snacks is Yum Treats,How many variants are there of Potato Snacks?,
Pringles,150,Chips,What is Pringles?,"Pringles are a brand of snack crisps made from a dehydrated potato-based dough, combined with other ingredients like corn, rice, and wheat flour",P&G,What is the price of Pringles?,The price of Pringles is 150.0rs,Who is the manufacturer of Pringles?,The manufacturer of Pringles is P&G,How many variants are there of Pringles?,
Dalda,200,Oil & Ghee,What is Dalda?,"Dalda is a brand of cooking oils and fats, most notably a popular brand of vanaspati ghee (vegetable ghee) in South Asia",Dalda Foods,What is the price of Dalda?,The price of Dalda is 200.0rs,Who is the manufacturer of Dalda?,The manufacturer of Dalda is Dalda Foods,How many variants are there of Dalda?,
Kisan,200,Oil & Ghee,What is Kisan?,"Kisan is brand that make oil and ghee, cooking oil is a blend of sunflower, canola, and soybean oils, while Kisan ghee is made from either pure desi cow ghee or vegetable fat (banaspati)",Faisalabad Oil Refinery (Pvt.) Limited (FORL),What is the price of Kisan?,The price of Kisan is 200.0rs,Who is the manufacturer of Kisan?,The manufacturer of Kisan is Faisalabad Oil Refinery (Pvt.) Limited (FORL),How many variants are there of Kisan?,
Habib,200,Oil & Ghee,What is Habib?,Habib refers to a brand of cooking oil and ghee from Habib Oil Mills,Habib,What is the price of Habib?,The price of Habib is 200.0rs,Who is the manufacturer of Habib?,The manufacturer of Habib is Habib,How many variants are there of Habib?,
Tullo,200,Oil & Ghee,What is Tullo?,Tullo most commonly refers to a brand of cooking oil and banaspati ghee popular in South Asia,Wazir Ali Industries Limited and Dalda Foods Ltd,What is the price of Tullo?,The price of Tullo is 200.0rs,Who is the manufacturer of Tullo?,The manufacturer of Tullo is Wazir Ali Industries Limited and Dalda Foods Ltd,How many variants are there of Tullo?,
Sufi,200,Oil & Ghee,What is Sufi?,Sufi is a brand of edible oils and ghee,Sufi Banaspati & Cooking Oil,What is the price of Sufi?,The price of Sufi is 200.0rs,Who is the manufacturer of Sufi?,The manufacturer of Sufi is Sufi Banaspati & Cooking Oil,How many variants are there of Sufi?,
Manpasand,200,Oil & Ghee,What is Manpasand?,Manpasand is a brand of cooking oil and banaspati ghee type of vegetable shortning popular in pakistan,Manpasand Beverages Limited,What is the price of Manpasand?,The price of Manpasand is 200.0rs,Who is the manufacturer of Manpasand?,The manufacturer of Manpasand is Manpasand Beverages Limited,How many variants are there of Manpasand?,
Golden Sun,200,Oil & Ghee,What is Golden Sun?,"This is a line of pure vegetable cooking oils that are refined, deodorized, and often made from sunflower seeds",Iffco Group,What is the price of Golden Sun?,The price of Golden Sun is 200.0rs,Who is the manufacturer of Golden Sun?,The manufacturer of Golden Sun is Iffco Group,How many variants are there of Golden Sun?,
Meezan,200,Oil & Ghee,What is Meezan?,"A lighter, versatile oil suitable for general cooking purposes like saut ing and frying.",Meezan Group,What is the price of Meezan?,The price of Meezan is 200.0rs,Who is the manufacturer of Meezan?,The manufacturer of Meezan is Meezan Group,How many variants are there of Meezan?,
Soya Supreme,200,Oil & Ghee,What is Soya Supreme?,Soya Supreme is a brand that produces cooking oils and banaspati ghee. Its products include various types of cooking oils,Agro Processors & Atmospheric Gases (Pvt.) Ltd. (APAG),What is the price of Soya Supreme?,The price of Soya Supreme is 200.0rs,Who is the manufacturer of Soya Supreme?,The manufacturer of Soya Supreme is Agro Processors & Atmospheric Gases (Pvt.) Ltd. (APAG),How many variants are there of Soya Supreme?,
Kiran,200,Oil & Ghee,What is Kiran?,Kiran is a brand of cooking oil and banaspati (vegetable ghee) from a Pakistani company that produces a variety of edible oils,Kiran Group,What is the price of Kiran?,The price of Kiran is 200.0rs,Who is the manufacturer of Kiran?,The manufacturer of Kiran is Kiran Group,How many variants are there of Kiran?,
Sultan,200,Oil & Ghee,What is Sultan?,"Sultan is a brand of cooking oil and ghee a blend of soybean, canola, and sunflower oils.",Al-Hilal Industries (Pvt) Limited,What is the price of Sultan?,The price of Sultan is 200.0rs,Who is the manufacturer of Sultan?,The manufacturer of Sultan is Al-Hilal Industries (Pvt) Limited,How many variants are there of Sultan?,
Bake Time,40,Cake,What is Bake Time?," Individually packaged cake slices in a variety of flavors, including plain, chocolate, and fruit.",Hilal Foods,What is the price of Bake Time?,The price of Bake Time is 40.0rs,Who is the manufacturer of Bake Time?,The manufacturer of Bake Time is Hilal Foods,How many variants are there of Bake Time?,
Good Goodies,20,Cake,What is Good Goodies?,Good Goodies is a delicious cake famous for its softness,Mitchells (Pvt) Ltd,What is the price of Good Goodies?,The price of Good Goodies is 20.0rs,Who is the manufacturer of Good Goodies?,The manufacturer of Good Goodies is Mitchells (Pvt) Ltd,How many variants are there of Good Goodies?,
Smile,50,Cake,What is Smile?,"A brand of cream-filled, sprinkle-covered donut cakes by Peek Freans, or a type of cake decorated with a smiley face.",Peek Freans,What is the price of Smile?,The price of Smile is 50.0rs,Who is the manufacturer of Smile?,The manufacturer of Smile is Peek Freans,How many variants are there of Smile?,
Lotus,50,Cake,What is Lotus?,"Lotus cake refers to two main types of desserts: one made with a sweet lotus seed paste filling and the other, more commonly, made with the flavors of Lotus Biscoff cookies.",Bisconni,What is the price of Lotus?,The price of Lotus is 50.0rs,Who is the manufacturer of Lotus?,The manufacturer of Lotus is Bisconni,How many variants are there of Lotus?,
Kake,20,Cake,What is Kake?,"Hilal CupKake. With its soft, fluffy sponge and delightful center filling, it s a treat loved by kids and trusted by parents.",Hilal Foods,What is the price of Kake?,The price of Kake is 20.0rs,Who is the manufacturer of Kake?,The manufacturer of Kake is Hilal Foods,How many variants are there of Kake?,
Care,80,Soap,What is Care?,"Care Rose Water & Strawberry Extract Soap offers a balanced mixture of essence including citrus, moss, amber, and warm woods and roses.",Care Cosmetics,What is the price of Care?,The price of Care is 80.0rs,Who is the manufacturer of Care?,The manufacturer of Care is Care Cosmetics,How many variants are there of Care?,
Capri,80,Soap,What is Capri?,"The soaps are made with natural ingredients and fragrances, aiming to provide a luxurious, gentle cleansing experience that leaves skin soft, nourished, and fresh. ",ZIL Limited,What is the price of Capri?,The price of Capri is 80.0rs,Who is the manufacturer of Capri?,The manufacturer of Capri is ZIL Limited,How many variants are there of Capri?,
Lara,80,Soap,What is Lara?,Lara is a beautiful soap with elegant fragrance ,Lara Cosmetic,What is the price of Lara?,The price of Lara is 80.0rs,Who is the manufacturer of Lara?,The manufacturer of Lara is Lara Cosmetic,How many variants are there of Lara?,
Express Power,250,Detergent,What is Express Power?,"Express Power is a brand of laundry detergent that comes in both powder and bar forms, known for providing an economical, high-quality wash with powerful stain-lifting capabilities.",Colgate-Palmolive (Pakistan) Ltd,What is the price of Express Power?,The price of Express Power is 250.0rs,Who is the manufacturer of Express Power?,The manufacturer of Express Power is Colgate-Palmolive (Pakistan) Ltd,How many variants are there of Express Power?,
Yums,10,Chew,What is Yums?,"Candyland Yums Fruity Chews, a type of chewy, fruit-flavored.",CandyLand,What is the price of Yums?,The price of Yums is 10.0rs,Who is the manufacturer of Yums?,The manufacturer of Yums is CandyLand,How many variants are there of Yums?,
Super Sour,5,Candy,What is Super Sour?,Super Sour Ultra Sour and Toxic Waste Hazardously Sour Candy,Hilal Foods,What is the price of Super Sour?,The price of Super Sour is 5.0rs,Who is the manufacturer of Super Sour?,The manufacturer of Super Sour is Hilal Foods,How many variants are there of Super Sour?,There are no variants (sizes) of Super Sour?
Creamers,5,Candy,What is Creamers?,"Creamer are small, hard candies that have a creamy, smooth texture",Mayfair,What is the price of Creamers?,The price of Creamers is 5.0rs,Who is the manufacturer of Creamers?,The manufacturer of Creamers is Mayfair,How many variants are there of Creamers?,There are no variants (sizes) of Creamers?
Bisca,30,Chocolate,What is Bisca?,Bisca is a chocolate-covered biscuit treat that combines crunchy biscuits with a layer of caramel and is coated in chocolate.,CandyLand,What is the price of Bisca?,The price of Bisca is 30.0rs,Who is the manufacturer of Bisca?,The manufacturer of Bisca is CandyLand,How many variants are there of Bisca?,
Caramel,30,Chocolate,What is Caramel?,"Caramel chocolate is a combination of caramel and chocolate, ",Shirin Asal,What is the price of Caramel?,The price of Caramel is 30.0rs,Who is the manufacturer of Caramel?,The manufacturer of Caramel is Shirin Asal,How many variants are there of Caramel?,
You,30,Chocolate,What is You?,You is chocolate known for its creamy texture and balanced sweetness. ,CandyLand,What is the price of You?,The price of You is 30.0rs,Who is the manufacturer of You?,The manufacturer of You is CandyLand,How many variants are there of You?,
Hiss,30,Chocolate,What is Hiss?,Hiss chocolate is an Iranian chocolate bar,Shirin Asal,What is the price of Hiss?,The price of Hiss is 30.0rs,Who is the manufacturer of Hiss?,The manufacturer of Hiss is Shirin Asal,How many variants are there of Hiss?,
Bittens,30,Chocolate,What is Bittens?,"Bittens chocolate refers to a brand of affordable, smooth, and creamy milk chocolate bars",Innovative,What is the price of Bittens?,The price of Bittens is 30.0rs,Who is the manufacturer of Bittens?,The manufacturer of Bittens is Innovative,How many variants are there of Bittens?,
Mars,150,Chocolate,What is Mars?,"A Mars chocolate bar is a chocolate bar that consists of a chocolate-malt nougat and caramel center, covered in milk chocolate","Mars, Incorporated",What is the price of Mars?,The price of Mars is 150.0rs,Who is the manufacturer of Mars?,"The manufacturer of Mars is Mars, Incorporated",How many variants are there of Mars?,
KitKat,150,Chocolate,What is KitKat?,KitKat is a popular chocolate bar featuring crispy wafer layers covered in milk chocolate.,Nestle,What is the price of KitKat?,The price of KitKat is 150.0rs,Who is the manufacturer of KitKat?,The manufacturer of KitKat is Nestle,How many variants are there of KitKat?,
Opus,5,Chocolate,What is Opus?,"Opus is a brand of chocolate, primarily known for a caramel-filled bar that features a rich chocolate exterior and a soft, gooey caramel center",Giggly,What is the price of Opus?,The price of Opus is 5.0rs,Who is the manufacturer of Opus?,The manufacturer of Opus is Giggly,How many variants are there of Opus?,
